datetime,symbol,open,high,low,close,volume
2020-11-06 09:15:00,NSE:AARON,33.0,33.0,30.299999,32.700001,58838.0
2020-11-09 09:15:00,NSE:AARON,33.700001,33.700001,31.5,32.299999,18445.0
2020-11-10 09:15:00,NSE:AARON,33.450001,33.450001,30.25,31.75,3622.0
2020-11-11 09:15:00,NSE:AARON,31.25,32.349998,31.25,31.35,3211.0
2020-11-12 09:15:00,NSE:AARON,31.35,32.150002,28.0,30.5,12063.0
2020-11-13 09:15:00,NSE:AARON,30.5,32.150002,30.25,32.099998,5043.0
2020-11-14 18:00:00,NSE:AARON,32.099998,32.900002,31.0,31.9,193.0
2020-11-17 09:15:00,NSE:AARON,31.9,32.25,31.35,31.9,4650.0
2020-11-18 09:15:00,NSE:AARON,30.049999,33.400002,28.1,32.25,2091.0
2020-11-19 09:15:00,NSE:AARON,32.5,38.700001,30.1,38.700001,33724.0
2020-11-20 09:15:00,NSE:AARON,45.450001,46.400002,45.0,46.400002,38480.0
2020-11-23 09:15:00,NSE:AARON,51.0,51.0,47.349998,51.0,37268.0
2020-11-24 09:15:00,NSE:AARON,56.099998,56.099998,54.150002,56.099998,84409.0
2020-11-25 09:15:00,NSE:AARON,61.450001,61.700001,61.400002,61.700001,38559.0
2020-11-26 09:15:00,NSE:AARON,64.75,64.75,64.75,64.75,20249.0
2020-11-27 09:15:00,NSE:AARON,67.949997,67.949997,61.549999,61.549999,89970.0
2020-12-01 09:15:00,NSE:AARON,58.5,58.5,58.5,58.5,7297.0
2020-12-02 09:15:00,NSE:AARON,55.599998,55.599998,55.599998,55.599998,3544.0
2020-12-03 09:15:00,NSE:AARON,52.849998,58.349998,52.849998,57.0,66462.0
2020-12-04 09:15:00,NSE:AARON,57.5,57.5,54.150002,54.150002,13353.0
2020-12-07 09:15:00,NSE:AARON,53.0,56.0,51.450001,51.799999,28886.0
2020-12-08 09:15:00,NSE:AARON,49.25,51.950001,49.25,49.549999,34863.0
2020-12-09 09:15:00,NSE:AARON,49.0,51.0,47.099998,49.700001,8768.0
2020-12-10 09:15:00,NSE:AARON,49.700001,51.0,48.049999,49.849998,5390.0
2020-12-11 09:15:00,NSE:AARON,49.849998,50.0,47.450001,49.75,4684.0
2020-12-14 09:15:00,NSE:AARON,51.0,52.200001,47.450001,51.0,12218.0
2020-12-15 09:15:00,NSE:AARON,53.549999,53.549999,48.450001,50.349998,14731.0
2020-12-16 09:15:00,NSE:AARON,50.349998,52.849998,49.0,50.700001,23191.0
2020-12-17 09:15:00,NSE:AARON,50.700001,53.200001,49.400002,51.799999,6778.0
2020-12-18 09:15:00,NSE:AARON,52.75,52.75,50.049999,51.150002,4971.0
2020-12-21 09:15:00,NSE:AARON,49.599998,51.150002,49.099998,50.150002,4298.0
2020-12-22 09:15:00,NSE:AARON,48.349998,49.849998,47.650002,48.950001,19520.0
2020-12-23 09:15:00,NSE:AARON,48.0,50.799999,48.0,49.700001,6135.0
2020-12-24 09:15:00,NSE:AARON,50.0,51.400002,48.0,49.200001,12766.0
2020-12-28 09:15:00,NSE:AARON,49.799999,51.650002,49.75,51.549999,12232.0
2020-12-29 09:15:00,NSE:AARON,52.599998,53.5,49.599998,53.049999,7547.0
2020-12-30 09:15:00,NSE:AARON,53.049999,53.049999,50.799999,52.0,2054.0
2020-12-31 09:15:00,NSE:AARON,52.75,52.75,50.049999,50.599998,7291.0
2021-01-01 09:15:00,NSE:AARON,52.900002,52.900002,50.400002,51.849998,10752.0
2021-01-04 09:15:00,NSE:AARON,50.450001,54.400002,50.450001,54.099998,10634.0
2021-01-05 09:15:00,NSE:AARON,55.900002,55.900002,51.650002,53.400002,3134.0
2021-01-06 09:15:00,NSE:AARON,54.950001,54.950001,52.799999,53.650002,8400.0
2021-01-07 09:15:00,NSE:AARON,53.950001,53.950001,52.599998,53.400002,991.0
2021-01-08 09:15:00,NSE:AARON,53.400002,54.099998,52.200001,54.0,5568.0
2021-01-11 09:15:00,NSE:AARON,56.700001,56.700001,53.049999,53.700001,3531.0
2021-01-12 09:15:00,NSE:AARON,53.700001,56.349998,51.099998,55.099998,10386.0
2021-01-13 09:15:00,NSE:AARON,52.700001,55.900002,52.700001,53.049999,3590.0
2021-01-14 09:15:00,NSE:AARON,52.849998,53.799999,50.400002,50.599998,9017.0
2021-01-15 09:15:00,NSE:AARON,50.599998,51.549999,50.5,51.400002,755.0
2021-01-18 09:15:00,NSE:AARON,53.5,53.5,50.099998,51.400002,2152.0
2021-01-19 09:15:00,NSE:AARON,51.400002,51.799999,50.099998,51.0,634.0
2021-01-20 09:15:00,NSE:AARON,49.049999,53.450001,49.049999,51.0,564.0
2021-01-21 09:15:00,NSE:AARON,51.450001,51.450001,49.0,49.549999,910.0
2021-01-22 09:15:00,NSE:AARON,49.549999,52.0,47.650002,48.25,5819.0
2021-01-25 09:15:00,NSE:AARON,48.25,50.650002,46.5,49.650002,4886.0
2021-01-27 09:15:00,NSE:AARON,50.0,50.0,47.200001,47.200001,1625.0
2021-01-28 09:15:00,NSE:AARON,45.549999,48.849998,45.049999,47.200001,894.0
2021-01-29 09:15:00,NSE:AARON,49.299999,49.549999,45.049999,49.099998,7111.0
2021-02-01 09:15:00,NSE:AARON,50.099998,50.549999,46.849998,47.450001,10516.0
2021-02-02 09:15:00,NSE:AARON,49.799999,49.799999,47.099998,49.349998,14712.0
2021-02-03 09:15:00,NSE:AARON,47.299999,49.5,46.900002,48.0,13621.0
2021-02-04 09:15:00,NSE:AARON,49.549999,49.849998,47.650002,48.099998,3768.0
2021-02-05 09:15:00,NSE:AARON,50.200001,50.200001,46.549999,48.150002,2913.0
2021-02-08 09:15:00,NSE:AARON,49.950001,49.950001,48.349998,49.200001,1942.0
2021-02-09 09:15:00,NSE:AARON,51.900002,52.0,49.799999,49.799999,7251.0
2021-02-10 09:15:00,NSE:AARON,49.799999,54.75,49.799999,52.849998,9284.0
2021-02-11 09:15:00,NSE:AARON,52.849998,58.099998,51.650002,55.75,24845.0
2021-02-12 09:15:00,NSE:AARON,55.900002,61.099998,53.950001,58.099998,23592.0
2021-02-15 09:15:00,NSE:AARON,59.299999,59.299999,53.349998,53.799999,19528.0
2021-02-16 09:15:00,NSE:AARON,56.900002,59.150002,52.150002,58.099998,34240.0
2021-02-17 09:15:00,NSE:AARON,59.099998,60.0,55.150002,57.099998,6012.0
2021-02-18 09:15:00,NSE:AARON,58.25,62.799999,57.099998,61.049999,8785.0
2021-02-19 09:15:00,NSE:AARON,62.299999,63.900002,58.099998,59.599998,5302.0
2021-02-22 09:15:00,NSE:AARON,60.0,62.0,56.75,61.299999,6256.0
2021-02-23 09:15:00,NSE:AARON,61.5,63.549999,59.450001,60.150002,4887.0
2021-02-24 09:15:00,NSE:AARON,58.950001,63.299999,58.099998,61.200001,1498.0
2021-02-25 09:15:00,NSE:AARON,61.25,62.450001,60.0,61.200001,1824.0
2021-02-26 09:15:00,NSE:AARON,61.200001,62.599998,58.0,60.599998,2828.0
2021-03-01 09:15:00,NSE:AARON,62.0,63.0,56.599998,58.700001,8244.0
2021-03-02 09:15:00,NSE:AARON,59.5,62.0,58.25,58.950001,2259.0
2021-03-03 09:15:00,NSE:AARON,57.150002,62.599998,55.25,58.650002,8096.0
2021-03-04 09:15:00,NSE:AARON,61.950001,61.950001,57.5,59.25,7232.0
2021-03-05 09:15:00,NSE:AARON,58.450001,60.799999,57.549999,58.349998,2173.0
2021-03-08 09:15:00,NSE:AARON,62.049999,62.049999,57.700001,58.900002,1888.0
2021-03-09 09:15:00,NSE:AARON,58.900002,64.75,58.299999,63.299999,7751.0
2021-03-10 09:15:00,NSE:AARON,66.800003,66.949997,62.349998,63.049999,5360.0
2021-03-12 09:15:00,NSE:AARON,62.200001,63.349998,62.0,63.0,2305.0
2021-03-15 09:15:00,NSE:AARON,63.0,63.0,59.0,60.549999,1551.0
2021-03-16 09:15:00,NSE:AARON,59.049999,64.0,59.049999,62.150002,1565.0
2021-03-17 09:15:00,NSE:AARON,63.900002,64.0,60.450001,63.599998,3186.0
2021-03-18 09:15:00,NSE:AARON,63.599998,63.900002,58.5,59.150002,1850.0
2021-03-19 09:15:00,NSE:AARON,60.900002,60.900002,57.349998,59.299999,2421.0
2021-03-22 09:15:00,NSE:AARON,59.700001,60.25,57.5,58.349998,2020.0
2021-03-23 09:15:00,NSE:AARON,58.349998,60.0,56.0,56.200001,3640.0
2021-03-24 09:15:00,NSE:AARON,57.5,58.0,56.0,57.799999,2800.0
2021-03-25 09:15:00,NSE:AARON,57.900002,57.900002,56.0,56.099998,884.0
2021-03-26 09:15:00,NSE:AARON,57.700001,57.700001,54.549999,55.349998,3009.0
2021-03-30 09:15:00,NSE:AARON,55.700001,57.599998,54.099998,55.599998,2312.0
2021-03-31 09:15:00,NSE:AARON,55.599998,57.700001,54.549999,57.200001,1575.0
2021-04-01 09:15:00,NSE:AARON,57.5,58.450001,55.599998,57.799999,1166.0
2021-04-05 09:15:00,NSE:AARON,60.200001,60.200001,56.150002,58.400002,1006.0
2021-04-06 09:15:00,NSE:AARON,58.400002,58.400002,54.099998,57.599998,3359.0
2021-04-07 09:15:00,NSE:AARON,57.599998,57.599998,55.900002,56.900002,324.0
2021-04-08 09:15:00,NSE:AARON,56.950001,57.5,56.099998,56.299999,483.0
2021-04-09 09:15:00,NSE:AARON,54.049999,56.5,54.049999,56.5,355.0
2021-04-12 09:15:00,NSE:AARON,57.650002,57.650002,54.25,54.950001,1267.0
2021-04-13 09:15:00,NSE:AARON,54.299999,56.400002,54.049999,54.849998,921.0
2021-04-15 09:15:00,NSE:AARON,53.25,57.099998,53.25,56.299999,229.0
2021-04-16 09:15:00,NSE:AARON,55.25,56.950001,54.599998,55.599998,517.0
2021-04-19 09:15:00,NSE:AARON,55.599998,57.900002,54.599998,55.5,709.0
2021-04-20 09:15:00,NSE:AARON,56.75,56.799999,53.950001,54.0,1780.0
2021-04-22 09:15:00,NSE:AARON,56.25,60.0,45.049999,51.5,15418.0
2021-04-23 09:15:00,NSE:AARON,51.549999,55.75,51.0,53.299999,3689.0
2021-04-26 09:15:00,NSE:AARON,54.849998,54.849998,50.299999,53.5,983.0
2021-04-27 09:15:00,NSE:AARON,53.950001,54.849998,51.450001,53.700001,3688.0
2021-04-28 09:15:00,NSE:AARON,54.0,54.0,51.099998,52.799999,3890.0
2021-04-29 09:15:00,NSE:AARON,52.799999,54.5,51.099998,51.700001,4329.0
2021-04-30 09:15:00,NSE:AARON,53.75,53.75,51.349998,51.450001,671.0
2021-05-03 09:15:00,NSE:AARON,54.450001,54.450001,51.700001,52.950001,1255.0
2021-05-04 09:15:00,NSE:AARON,54.0,55.450001,51.549999,52.950001,6868.0
2021-05-05 09:15:00,NSE:AARON,54.049999,54.450001,52.049999,52.099998,415.0
2021-05-06 09:15:00,NSE:AARON,54.0,54.0,51.400002,52.900002,779.0
2021-05-07 09:15:00,NSE:AARON,53.799999,55.450001,52.099998,54.650002,5458.0
2021-05-10 09:15:00,NSE:AARON,54.650002,58.450001,53.299999,57.0,6605.0
2021-05-11 09:15:00,NSE:AARON,57.0,57.0,54.299999,56.5,3237.0
2021-05-12 09:15:00,NSE:AARON,57.650002,67.800003,56.099998,67.800003,48099.0
2021-05-14 09:15:00,NSE:AARON,74.949997,81.349998,74.949997,81.349998,133529.0
2021-05-17 09:15:00,NSE:AARON,89.449997,89.449997,75.650002,88.099998,194436.0
2021-05-18 09:15:00,NSE:AARON,91.5,96.900002,91.5,96.900002,69823.0
2021-05-19 09:15:00,NSE:AARON,101.0,106.55,101.0,106.55,86723.0
2021-05-20 09:15:00,NSE:AARON,106.0,106.0,101.25,101.25,8671.0
2021-05-21 09:15:00,NSE:AARON,96.199997,96.199997,96.199997,96.199997,2995.0
2021-05-24 09:15:00,NSE:AARON,91.400002,91.400002,91.400002,91.400002,3425.0
2021-05-25 09:15:00,NSE:AARON,86.849998,86.849998,86.849998,86.849998,2865.0
2021-05-26 09:15:00,NSE:AARON,82.550003,91.150002,82.550003,91.150002,34613.0
2021-05-27 09:15:00,NSE:AARON,86.599998,91.099998,86.599998,86.699997,27353.0
2021-05-28 09:15:00,NSE:AARON,84.0,89.900002,82.599998,86.900002,8881.0
2021-05-31 09:15:00,NSE:AARON,87.949997,91.199997,82.650002,90.449997,24956.0
2021-06-01 09:15:00,NSE:AARON,91.150002,91.150002,86.0,87.349998,7798.0
2021-06-02 09:15:00,NSE:AARON,87.349998,91.699997,83.050003,88.0,11368.0
2021-06-03 09:15:00,NSE:AARON,90.849998,90.849998,85.0,86.099998,13884.0
2021-06-04 09:15:00,NSE:AARON,86.150002,88.949997,84.050003,85.150002,7401.0
2021-06-07 09:15:00,NSE:AARON,84.0,86.0,81.150002,84.349998,7161.0
2021-06-08 09:15:00,NSE:AARON,86.699997,86.699997,81.050003,83.550003,6934.0
2021-06-09 09:15:00,NSE:AARON,83.550003,85.800003,79.400002,81.550003,11842.0
2021-06-10 09:15:00,NSE:AARON,82.800003,82.800003,79.849998,81.650002,5494.0
2021-06-11 09:15:00,NSE:AARON,81.0,83.5,79.0,81.75,4520.0
2021-06-14 09:15:00,NSE:AARON,82.949997,82.949997,79.0,81.5,7100.0
2021-06-15 09:15:00,NSE:AARON,81.5,81.5,77.449997,78.449997,8218.0
2021-06-16 09:15:00,NSE:AARON,79.900002,79.900002,74.550003,75.25,9323.0
2021-06-17 09:15:00,NSE:AARON,75.25,75.25,71.5,71.5,7129.0
2021-06-18 09:15:00,NSE:AARON,72.900002,72.900002,67.949997,68.0,11828.0
2021-06-21 09:15:00,NSE:AARON,67.900002,71.400002,65.050003,71.400002,26151.0
2021-06-22 09:15:00,NSE:AARON,71.400002,74.949997,69.0,74.949997,9656.0
2021-06-23 09:15:00,NSE:AARON,76.449997,78.650002,75.0,78.650002,7788.0
2021-06-24 09:15:00,NSE:AARON,80.5,80.5,74.800003,76.699997,7632.0
2021-06-25 09:15:00,NSE:AARON,76.800003,80.5,73.099998,80.400002,20497.0
2021-06-28 09:15:00,NSE:AARON,80.75,83.900002,78.599998,82.599998,8539.0
2021-06-29 09:15:00,NSE:AARON,82.599998,84.900002,79.650002,80.449997,4877.0
2021-06-30 09:15:00,NSE:AARON,83.900002,83.900002,78.0,79.25,6149.0
2021-07-01 09:15:00,NSE:AARON,80.900002,81.0,76.300003,80.150002,9572.0
2021-07-02 09:15:00,NSE:AARON,80.150002,84.150002,80.150002,84.0,18563.0
2021-07-05 09:15:00,NSE:AARON,85.949997,88.199997,80.800003,86.550003,20311.0
2021-07-06 09:15:00,NSE:AARON,86.550003,90.849998,86.550003,90.349998,11834.0
2021-07-07 09:15:00,NSE:AARON,90.400002,94.849998,85.849998,94.150002,17546.0
2021-07-08 09:15:00,NSE:AARON,94.099998,94.199997,89.75,93.25,8232.0
2021-07-09 09:15:00,NSE:AARON,91.400002,97.900002,88.75,97.900002,19058.0
2021-07-12 09:15:00,NSE:AARON,102.75,102.75,102.75,102.75,76252.0
2021-07-13 09:15:00,NSE:AARON,107.8,107.85,107.8,107.85,46338.0
2021-07-14 09:15:00,NSE:AARON,113.2,113.2,108.0,113.2,148214.0
2021-07-15 09:15:00,NSE:AARON,114.95,118.85,107.55,118.85,62358.0
2021-07-16 09:15:00,NSE:AARON,124.0,124.75,119.0,121.85,40551.0
2021-07-19 09:15:00,NSE:AARON,116.15,122.0,115.8,117.35,24291.0
2021-07-20 09:15:00,NSE:AARON,118.95,118.95,111.5,111.55,29601.0
2021-07-22 09:15:00,NSE:AARON,106.0,116.75,106.0,113.5,25408.0
2021-07-23 09:15:00,NSE:AARON,113.5,119.15,113.5,119.15,11660.0
2021-07-26 09:15:00,NSE:AARON,125.1,125.1,120.0,125.1,17778.0
2021-07-27 09:15:00,NSE:AARON,131.35001,131.35001,126.45,130.25,36092.0
2021-07-28 09:15:00,NSE:AARON,125.05,134.0,123.75,131.0,18716.0
2021-07-29 09:15:00,NSE:AARON,136.0,136.0,125.0,127.2,11142.0
2021-07-30 09:15:00,NSE:AARON,128.39999,128.89999,120.85,121.2,16935.0
2021-08-02 09:15:00,NSE:AARON,125.5,125.5,115.15,116.9,26552.0
2021-08-03 09:15:00,NSE:AARON,115.15,119.0,111.7,116.05,34427.0
2021-08-04 09:15:00,NSE:AARON,113.0,120.95,113.0,115.95,11490.0
2021-08-05 09:15:00,NSE:AARON,116.25,116.4,111.1,111.9,13628.0
2021-08-06 09:15:00,NSE:AARON,115.0,117.45,112.4,115.7,11738.0
2021-08-09 09:15:00,NSE:AARON,119.9,119.9,109.95,109.95,23034.0
2021-08-10 09:15:00,NSE:AARON,106.25,115.0,104.5,104.85,22396.0
2021-08-11 09:15:00,NSE:AARON,103.4,110.05,100.55,109.95,17381.0
2021-08-12 09:15:00,NSE:AARON,113.0,113.0,105.3,109.45,8238.0
2021-08-13 09:15:00,NSE:AARON,109.5,110.75,104.0,104.55,24033.0
2021-08-16 09:15:00,NSE:AARON,106.65,107.05,103.05,103.7,5437.0
2021-08-17 09:15:00,NSE:AARON,105.8,105.8,98.550003,100.6,10625.0
2021-08-18 09:15:00,NSE:AARON,100.6,104.95,100.6,103.55,2746.0
2021-08-20 09:15:00,NSE:AARON,102.5,103.0,98.550003,99.800003,7099.0
2021-08-23 09:15:00,NSE:AARON,99.800003,103.0,95.0,96.900002,4546.0
2021-08-24 09:15:00,NSE:AARON,100.0,101.0,92.099998,95.449997,14606.0
2021-08-25 09:15:00,NSE:AARON,95.0,97.5,95.0,95.800003,3328.0
2021-08-26 09:15:00,NSE:AARON,95.800003,99.699997,93.849998,97.599998,8070.0
2021-08-27 09:15:00,NSE:AARON,96.050003,102.45,96.050003,102.45,9679.0
2021-08-30 09:15:00,NSE:AARON,107.5,107.55,102.25,103.9,17207.0
2021-08-31 09:15:00,NSE:AARON,108.65,108.65,100.05,103.2,7758.0
2021-09-01 09:15:00,NSE:AARON,100.1,105.0,98.75,101.25,10217.0
2021-09-02 09:15:00,NSE:AARON,98.349998,106.0,98.349998,104.05,7478.0
2021-09-03 09:15:00,NSE:AARON,106.2,106.2,100.95,102.0,5829.0
2021-09-06 09:15:00,NSE:AARON,100.35,103.0,100.35,102.1,2626.0
2021-09-07 09:15:00,NSE:AARON,105.95,105.95,100.05,102.0,2776.0
2021-09-08 09:15:00,NSE:AARON,102.65,102.8,98.5,100.15,8792.0
2021-09-09 09:15:00,NSE:AARON,101.0,104.95,99.0,100.15,4956.0
2021-09-13 09:15:00,NSE:AARON,102.2,105.15,101.25,104.85,14430.0
2021-09-14 09:15:00,NSE:AARON,108.0,108.0,105.1,106.35,4575.0
2021-09-15 09:15:00,NSE:AARON,109.8,109.8,103.1,103.15,8412.0
2021-09-16 09:15:00,NSE:AARON,106.0,107.95,101.35,102.8,14271.0
2021-09-17 09:15:00,NSE:AARON,104.7,104.7,100.0,101.0,5112.0
2021-09-20 09:15:00,NSE:AARON,101.65,101.65,95.949997,98.150002,4691.0
2021-09-21 09:15:00,NSE:AARON,97.800003,103.05,95.199997,101.05,8307.0
2021-09-22 09:15:00,NSE:AARON,99.0,102.0,96.0,101.0,11876.0
2021-09-23 09:15:00,NSE:AARON,101.35,102.35,99.050003,99.800003,2278.0
2021-09-24 09:15:00,NSE:AARON,99.050003,103.3,99.050003,101.8,2228.0
2021-09-27 09:15:00,NSE:AARON,103.15,103.2,99.75,102.5,4435.0
2021-09-28 09:15:00,NSE:AARON,104.0,104.5,97.550003,98.699997,11240.0
2021-09-29 09:15:00,NSE:AARON,101.9,101.9,98.0,98.400002,4455.0
2021-09-30 09:15:00,NSE:AARON,98.0,100.0,97.150002,98.300003,4220.0
2021-10-01 09:15:00,NSE:AARON,103.2,103.2,98.5,99.300003,3026.0
2021-10-04 09:15:00,NSE:AARON,99.400002,104.25,99.400002,103.05,14090.0
2021-10-05 09:15:00,NSE:AARON,104.5,108.2,103.85,108.2,11629.0
2021-10-06 09:15:00,NSE:AARON,113.6,113.6,106.3,113.6,15903.0
2021-10-07 09:15:00,NSE:AARON,119.0,119.25,115.0,118.95,11977.0
2021-10-08 09:15:00,NSE:AARON,121.45,123.0,113.05,113.55,12851.0
2021-10-11 09:15:00,NSE:AARON,117.9,117.9,110.05,113.7,6563.0
2021-10-12 09:15:00,NSE:AARON,114.9,114.9,110.75,112.95,2633.0
2021-10-13 09:15:00,NSE:AARON,110.05,114.3,107.6,109.35,7655.0
2021-10-14 09:15:00,NSE:AARON,107.35,112.35,104.8,107.05,8936.0
2021-10-18 09:15:00,NSE:AARON,107.3,110.0,102.05,104.7,16211.0
2021-10-19 09:15:00,NSE:AARON,103.75,103.85,101.2,102.05,9017.0
2021-10-20 09:15:00,NSE:AARON,100.15,107.15,99.5,103.45,7138.0
2021-10-21 09:15:00,NSE:AARON,104.0,106.8,101.0,103.45,3238.0
2021-10-22 09:15:00,NSE:AARON,105.55,105.55,101.3,103.3,5648.0
2021-10-25 09:15:00,NSE:AARON,103.3,103.8,100.25,101.15,4206.0
2021-10-26 09:15:00,NSE:AARON,103.0,103.35,99.25,100.95,5031.0
2021-10-27 09:15:00,NSE:AARON,102.7,105.95,101.0,105.95,5106.0
2021-10-28 09:15:00,NSE:AARON,111.2,111.2,101.2,106.05,35532.0
2021-10-29 09:15:00,NSE:AARON,108.2,108.2,102.35,104.1,4548.0
2021-11-01 09:15:00,NSE:AARON,108.8,109.3,100.35,108.45,12671.0
2021-11-02 09:15:00,NSE:AARON,110.65,113.85,105.5,107.65,11462.0
2021-11-03 09:15:00,NSE:AARON,110.9,113.0,105.65,108.1,9798.0
2021-11-04 18:00:00,NSE:AARON,108.1,112.9,108.1,109.95,1517.0
2021-11-08 09:15:00,NSE:AARON,112.15,112.15,106.35,107.3,3550.0
2021-11-09 09:15:00,NSE:AARON,107.3,108.8,103.4,104.55,5367.0
2021-11-10 09:15:00,NSE:AARON,107.5,107.8,104.05,106.95,2140.0
2021-11-11 09:15:00,NSE:AARON,108.3,112.25,105.3,111.45,17714.0
2021-11-12 09:15:00,NSE:AARON,113.7,117.0,112.5,116.25,22398.0
2021-11-15 09:15:00,NSE:AARON,117.0,117.05,110.6,111.65,6282.0
2021-11-16 09:15:00,NSE:AARON,115.0,117.2,111.65,115.55,11639.0
2021-11-17 09:15:00,NSE:AARON,117.35,117.35,110.0,111.9,5842.0
2021-11-18 09:15:00,NSE:AARON,111.9,114.95,108.25,113.7,2890.0
2021-11-22 09:15:00,NSE:AARON,119.0,119.0,108.05,108.15,11122.0
2021-11-23 09:15:00,NSE:AARON,110.35,111.9,105.0,107.55,10151.0
2021-11-24 09:15:00,NSE:AARON,106.9,112.9,106.9,108.45,2853.0
2021-11-25 09:15:00,NSE:AARON,110.65,110.65,103.25,105.2,12120.0
2021-11-26 09:15:00,NSE:AARON,104.95,106.35,102.0,103.75,6042.0
2021-11-29 09:15:00,NSE:AARON,102.2,108.9,102.2,107.55,3959.0
2021-11-30 09:15:00,NSE:AARON,109.7,112.9,106.65,112.9,18192.0
2021-12-01 09:15:00,NSE:AARON,114.0,114.0,108.7,111.3,6020.0
2021-12-02 09:15:00,NSE:AARON,112.8,116.85,110.15,116.7,23495.0
2021-12-03 09:15:00,NSE:AARON,116.7,122.5,112.55,117.25,11186.0
2021-12-06 09:15:00,NSE:AARON,118.05,123.1,114.2,116.85,7136.0
2021-12-07 09:15:00,NSE:AARON,122.6,122.6,112.2,114.6,2795.0
2021-12-08 09:15:00,NSE:AARON,116.9,119.5,110.05,112.5,8382.0
2021-12-09 09:15:00,NSE:AARON,110.25,115.8,110.25,113.55,1592.0
2021-12-10 09:15:00,NSE:AARON,114.95,115.0,110.9,113.3,2899.0
2021-12-13 09:15:00,NSE:AARON,111.05,124.6,111.05,113.55,14246.0
2021-12-14 09:15:00,NSE:AARON,113.55,118.25,111.65,114.45,2584.0
2021-12-15 09:15:00,NSE:AARON,114.45,117.0,112.25,114.05,2409.0
2021-12-16 09:15:00,NSE:AARON,114.05,117.8,112.15,112.8,5046.0
2021-12-17 09:15:00,NSE:AARON,114.7,116.5,110.15,110.7,3777.0
2021-12-20 09:15:00,NSE:AARON,115.0,115.0,102.0,104.1,9200.0
2021-12-21 09:15:00,NSE:AARON,113.85,113.85,105.0,107.7,4510.0
2021-12-22 09:15:00,NSE:AARON,114.95,115.0,104.0,109.15,2420.0
2021-12-23 09:15:00,NSE:AARON,112.9,113.0,109.0,110.9,4913.0
2021-12-24 09:15:00,NSE:AARON,117.95,117.95,108.6,110.35,5265.0
2021-12-27 09:15:00,NSE:AARON,107.0,116.0,106.3,114.3,10359.0
2021-12-28 09:15:00,NSE:AARON,114.95,119.0,107.95,112.5,23916.0
2021-12-29 09:15:00,NSE:AARON,114.75,114.75,110.15,111.25,5893.0
2021-12-30 09:15:00,NSE:AARON,113.3,113.3,109.9,110.75,2852.0
2021-12-31 09:15:00,NSE:AARON,112.6,116.0,109.5,113.95,11411.0
2022-01-03 09:15:00,NSE:AARON,113.95,125.3,111.7,125.3,103851.0
2022-01-04 09:15:00,NSE:AARON,136.89999,137.8,125.35,137.8,69898.0
2022-01-05 09:15:00,NSE:AARON,151.55,151.55,138.0,147.8,90023.0
2022-01-06 09:15:00,NSE:AARON,150.0,150.0,140.45,145.55,31386.0
2022-01-07 09:15:00,NSE:AARON,147.5,147.5,140.39999,142.7,12312.0
2022-01-10 09:15:00,NSE:AARON,144.89999,144.89999,136.25,137.45,15962.0
2022-01-11 09:15:00,NSE:AARON,141.95,141.95,131.39999,132.60001,12624.0
2022-01-12 09:15:00,NSE:AARON,132.60001,134.95,127.35,129.45,11473.0
2022-01-13 09:15:00,NSE:AARON,131.89999,135.89999,129.0,133.85001,3860.0
2022-01-14 09:15:00,NSE:AARON,136.55,136.55,131.05,133.5,5914.0
2022-01-17 09:15:00,NSE:AARON,132.0,140.14999,129.14999,137.25,13062.0
2022-01-18 09:15:00,NSE:AARON,137.35001,144.10001,131.25,132.25,24322.0
2022-01-19 09:15:00,NSE:AARON,128.10001,135.25,128.10001,133.0,3789.0
2022-01-20 09:15:00,NSE:AARON,137.39999,137.64999,129.64999,131.95,2566.0
2022-01-21 09:15:00,NSE:AARON,135.85001,135.85001,130.39999,131.7,3669.0
2022-01-24 09:15:00,NSE:AARON,131.7,131.7,125.15,125.15,6056.0
2022-01-25 09:15:00,NSE:AARON,120.1,131.39999,119.05,129.85001,10056.0
2022-01-27 09:15:00,NSE:AARON,123.4,128.05,123.4,125.3,2736.0
2022-01-28 09:15:00,NSE:AARON,125.55,131.5,125.55,127.8,3612.0
2022-01-31 09:15:00,NSE:AARON,128.0,133.95,127.8,130.25,5774.0
2022-02-01 09:15:00,NSE:AARON,132.95,132.95,126.5,127.5,4792.0
2022-02-02 09:15:00,NSE:AARON,127.5,133.85001,127.5,133.85001,15093.0
2022-02-03 09:15:00,NSE:AARON,139.8,139.8,133.25,133.85001,8342.0
2022-02-04 09:15:00,NSE:AARON,127.25,133.3,127.25,129.95,5783.0
2022-02-07 09:15:00,NSE:AARON,132.7,132.7,130.0,130.5,4609.0
2022-02-08 09:15:00,NSE:AARON,128.2,130.75,127.65,127.75,2142.0
2022-02-09 09:15:00,NSE:AARON,130.95,130.95,125.6,127.15,3132.0
2022-02-10 09:15:00,NSE:AARON,128.0,130.25,128.0,129.25,1731.0
2022-02-11 09:15:00,NSE:AARON,133.10001,133.10001,125.45,126.85,1976.0
2022-02-14 09:15:00,NSE:AARON,126.85,126.85,120.55,120.55,11544.0
2022-02-15 09:15:00,NSE:AARON,115.05,124.35,114.55,121.9,7113.0
2022-02-16 09:15:00,NSE:AARON,121.15,124.7,121.0,124.35,2039.0
2022-02-17 09:15:00,NSE:AARON,126.7,126.7,118.55,123.0,2242.0
2022-02-18 09:15:00,NSE:AARON,120.55,122.9,117.05,122.0,1104.0
2022-02-21 09:15:00,NSE:AARON,124.65,124.65,118.0,119.2,867.0
2022-02-22 09:15:00,NSE:AARON,115.05,121.1,113.25,115.6,8727.0
2022-02-23 09:15:00,NSE:AARON,113.5,121.35,113.5,116.65,5083.0
2022-02-24 09:15:00,NSE:AARON,114.0,117.85,110.85,111.85,6108.0
2022-02-25 09:15:00,NSE:AARON,106.35,115.45,106.35,112.85,3219.0
2022-02-28 09:15:00,NSE:AARON,116.0,116.0,107.25,110.65,6642.0
2022-03-02 09:15:00,NSE:AARON,113.85,113.85,107.5,108.8,4134.0
2022-03-03 09:15:00,NSE:AARON,111.0,114.2,111.0,113.8,2361.0
2022-03-04 09:15:00,NSE:AARON,116.95,116.95,108.2,109.9,2663.0
2022-03-07 09:15:00,NSE:AARON,106.1,111.75,106.0,108.35,1956.0
2022-03-08 09:15:00,NSE:AARON,111.15,111.25,106.1,107.75,4577.0
2022-03-09 09:15:00,NSE:AARON,112.95,113.1,108.65,112.35,1671.0
2022-03-10 09:15:00,NSE:AARON,113.1,117.95,113.0,115.65,4539.0
2022-03-11 09:15:00,NSE:AARON,118.0,120.65,114.05,116.3,3206.0
2022-03-14 09:15:00,NSE:AARON,119.95,119.95,115.2,118.5,829.0
2022-03-15 09:15:00,NSE:AARON,120.95,121.0,112.6,113.45,10715.0
2022-03-16 09:15:00,NSE:AARON,111.5,115.0,110.0,112.45,3927.0
2022-03-17 09:15:00,NSE:AARON,113.5,115.0,112.5,114.7,2884.0
2022-03-21 09:15:00,NSE:AARON,115.0,116.85,111.5,111.85,3943.0
2022-03-22 09:15:00,NSE:AARON,115.95,115.95,108.15,110.05,4878.0
2022-03-23 09:15:00,NSE:AARON,108.95,115.55,108.15,115.55,5404.0
2022-03-24 09:15:00,NSE:AARON,118.0,119.9,115.05,117.4,4395.0
2022-03-25 09:15:00,NSE:AARON,117.4,119.85,114.0,114.6,2539.0
2022-03-28 09:15:00,NSE:AARON,117.1,117.1,113.0,113.0,3813.0
2022-03-29 09:15:00,NSE:AARON,112.2,116.0,112.05,112.4,2595.0
2022-03-30 09:15:00,NSE:AARON,112.3,114.9,112.3,113.7,1140.0
2022-03-31 09:15:00,NSE:AARON,116.95,116.95,112.5,113.45,2582.0
2022-04-01 09:15:00,NSE:AARON,116.95,116.95,111.15,114.55,2129.0
2022-04-04 09:15:00,NSE:AARON,116.8,116.8,114.5,115.15,3490.0
2022-04-05 09:15:00,NSE:AARON,116.75,119.0,115.4,118.0,6831.0
2022-04-06 09:15:00,NSE:AARON,120.95,120.95,115.15,117.4,2164.0
2022-04-07 09:15:00,NSE:AARON,116.05,121.15,116.0,117.65,4459.0
2022-04-08 09:15:00,NSE:AARON,119.85,123.45,117.3,119.25,5338.0
2022-04-11 09:15:00,NSE:AARON,119.1,121.0,115.05,117.2,6274.0
2022-04-12 09:15:00,NSE:AARON,117.25,123.05,115.15,122.25,5769.0
2022-04-13 09:15:00,NSE:AARON,125.25,125.25,120.0,120.15,6964.0
2022-04-18 09:15:00,NSE:AARON,120.0,123.45,117.0,119.35,3907.0
2022-04-19 09:15:00,NSE:AARON,124.95,124.95,116.15,118.55,4888.0
2022-04-20 09:15:00,NSE:AARON,123.9,124.45,116.85,121.85,4259.0
2022-04-21 09:15:00,NSE:AARON,124.3,124.3,120.1,121.05,2806.0
2022-04-22 09:15:00,NSE:AARON,122.4,122.95,119.7,120.35,1376.0
2022-04-25 09:15:00,NSE:AARON,122.6,122.6,117.05,118.05,3104.0
2022-04-26 09:15:00,NSE:AARON,122.9,122.9,119.0,119.65,4049.0
2022-04-27 09:15:00,NSE:AARON,123.0,123.0,116.1,117.45,3105.0
2022-04-28 09:15:00,NSE:AARON,117.45,121.25,117.45,120.7,1861.0
2022-04-29 09:15:00,NSE:AARON,116.05,121.65,116.05,119.45,1197.0
2022-05-02 09:15:00,NSE:AARON,119.45,119.45,114.65,118.05,1585.0
2022-05-04 09:15:00,NSE:AARON,117.45,118.3,113.5,114.05,3508.0
2022-05-05 09:15:00,NSE:AARON,114.3,118.8,110.25,112.55,2468.0
2022-05-06 09:15:00,NSE:AARON,117.95,117.95,110.0,114.9,5239.0
2022-05-09 09:15:00,NSE:AARON,114.0,117.65,111.95,116.5,19344.0
2022-05-10 09:15:00,NSE:AARON,114.05,117.5,114.05,115.0,940.0
2022-05-11 09:15:00,NSE:AARON,112.3,116.2,111.0,112.0,3343.0
2022-05-12 09:15:00,NSE:AARON,114.25,117.45,109.0,109.85,3729.0
2022-05-13 09:15:00,NSE:AARON,115.25,115.3,110.0,115.3,3682.0
2022-05-16 09:15:00,NSE:AARON,118.9,121.05,116.2,121.05,4984.0
2022-05-17 09:15:00,NSE:AARON,119.05,127.1,119.05,126.85,8104.0
2022-05-18 09:15:00,NSE:AARON,127.4,129.0,120.55,121.7,6155.0
2022-05-19 09:15:00,NSE:AARON,120.0,120.0,115.85,118.8,1929.0
2022-05-20 09:15:00,NSE:AARON,116.45,122.0,115.3,116.95,4840.0
2022-05-23 09:15:00,NSE:AARON,116.15,122.75,114.45,121.45,1755.0
2022-05-24 09:15:00,NSE:AARON,121.0,121.55,116.5,117.05,1662.0
2022-05-25 09:15:00,NSE:AARON,117.35,119.8,111.2,112.2,3356.0
2022-05-26 09:15:00,NSE:AARON,112.0,115.9,111.0,111.8,6861.0
2022-05-27 09:15:00,NSE:AARON,116.85,116.85,112.0,115.6,1806.0
2022-05-30 09:15:00,NSE:AARON,116.05,119.65,116.05,119.15,1898.0
2022-05-31 09:15:00,NSE:AARON,123.55,123.55,116.35,117.65,1711.0
2022-06-01 09:15:00,NSE:AARON,119.75,119.95,117.05,118.9,591.0
2022-06-02 09:15:00,NSE:AARON,121.25,123.85,115.4,119.3,4389.0
2022-06-03 09:15:00,NSE:AARON,117.2,119.6,113.35,114.5,7880.0
2022-06-06 09:15:00,NSE:AARON,113.05,119.0,112.35,116.55,6024.0
2022-06-07 09:15:00,NSE:AARON,118.0,119.65,113.75,116.6,2665.0
2022-06-08 09:15:00,NSE:AARON,114.3,121.7,107.0,112.05,3985.0
2022-06-09 09:15:00,NSE:AARON,111.7,116.85,111.7,115.25,495.0
2022-06-10 09:15:00,NSE:AARON,112.6,117.75,110.25,114.35,3608.0
2022-06-13 09:15:00,NSE:AARON,116.65,116.75,110.1,111.85,1361.0
2022-06-14 09:15:00,NSE:AARON,109.05,118.45,109.05,114.45,512.0
2022-06-15 09:15:00,NSE:AARON,116.95,116.95,111.35,114.75,1098.0
2022-06-16 09:15:00,NSE:AARON,115.95,116.0,111.05,111.6,1340.0
2022-06-17 09:15:00,NSE:AARON,111.0,113.9,109.15,109.85,2242.0
2022-06-20 09:15:00,NSE:AARON,109.9,113.2,109.1,109.5,1949.0
2022-06-21 09:15:00,NSE:AARON,119.85,119.85,112.2,113.7,4745.0
2022-06-22 09:15:00,NSE:AARON,113.65,114.5,111.05,111.9,1212.0
2022-06-23 09:15:00,NSE:AARON,112.05,113.05,110.65,111.6,2463.0
2022-06-24 09:15:00,NSE:AARON,112.2,115.15,112.0,114.0,2580.0
2022-06-27 09:15:00,NSE:AARON,116.6,116.6,114.05,115.55,2604.0
2022-06-28 09:15:00,NSE:AARON,112.55,116.0,112.0,112.8,7872.0
2022-06-29 09:15:00,NSE:AARON,112.8,116.8,112.0,113.5,1914.0
2022-06-30 09:15:00,NSE:AARON,119.0,119.0,110.65,111.15,7449.0
2022-07-01 09:15:00,NSE:AARON,114.45,115.65,110.15,114.7,2671.0
2022-07-04 09:15:00,NSE:AARON,114.7,117.0,113.2,114.35,1754.0
2022-07-05 09:15:00,NSE:AARON,111.05,115.3,111.0,111.75,4302.0
2022-07-06 09:15:00,NSE:AARON,111.5,114.5,111.5,114.35,2760.0
2022-07-07 09:15:00,NSE:AARON,113.0,117.0,113.0,113.8,1210.0
2022-07-08 09:15:00,NSE:AARON,113.8,116.0,113.05,115.4,2756.0
2022-07-11 09:15:00,NSE:AARON,117.0,117.65,112.55,115.4,5860.0
2022-07-12 09:15:00,NSE:AARON,115.4,126.8,113.1,123.0,59463.0
2022-07-13 09:15:00,NSE:AARON,122.95,124.9,119.65,120.05,7362.0
2022-07-14 09:15:00,NSE:AARON,120.05,123.05,117.0,120.45,8583.0
2022-07-15 09:15:00,NSE:AARON,120.4,126.8,117.8,126.2,18258.0
2022-07-18 09:15:00,NSE:AARON,129.7,135.0,127.05,127.75,19602.0
2022-07-19 09:15:00,NSE:AARON,127.0,131.3,125.5,127.55,7286.0
2022-07-20 09:15:00,NSE:AARON,129.5,129.5,123.95,125.45,2899.0
2022-07-21 09:15:00,NSE:AARON,125.45,126.15,118.65,121.3,6664.0
2022-07-22 09:15:00,NSE:AARON,124.6,124.6,119.0,119.75,5737.0
2022-07-25 09:15:00,NSE:AARON,123.5,123.5,118.5,119.0,3168.0
2022-07-26 09:15:00,NSE:AARON,122.0,130.89999,118.75,130.60001,25278.0
2022-07-27 09:15:00,NSE:AARON,133.0,134.7,117.55,119.5,18248.0
2022-07-28 09:15:00,NSE:AARON,121.95,131.0,121.35,124.6,30498.0
2022-07-29 09:15:00,NSE:AARON,124.65,137.0,124.6,130.39999,43608.0
2022-08-01 09:15:00,NSE:AARON,135.0,136.0,131.05,133.5,8299.0
2022-08-02 09:15:00,NSE:AARON,134.2,134.2,131.75,132.2,5944.0
2022-08-03 09:15:00,NSE:AARON,132.25,134.7,123.35,125.55,16206.0
2022-08-04 09:15:00,NSE:AARON,125.95,128.95,123.55,126.25,10594.0
2022-08-05 09:15:00,NSE:AARON,126.25,131.0,125.15,129.75,6622.0
2022-08-08 09:15:00,NSE:AARON,130.0,143.2,128.89999,135.39999,38321.0
2022-08-10 09:15:00,NSE:AARON,143.0,143.0,135.25,137.55,13685.0
2022-08-11 09:15:00,NSE:AARON,135.0,140.0,135.0,137.45,6780.0
2022-08-12 09:15:00,NSE:AARON,136.2,140.0,136.0,137.25,3837.0
2022-08-16 09:15:00,NSE:AARON,137.25,139.55,135.2,135.64999,5666.0
2022-08-17 09:15:00,NSE:AARON,139.89999,139.89999,135.45,136.55,3398.0
2022-08-18 09:15:00,NSE:AARON,131.0,139.5,131.0,133.64999,4113.0
2022-08-19 09:15:00,NSE:AARON,133.64999,135.0,131.3,132.3,4822.0
2022-08-22 09:15:00,NSE:AARON,134.0,135.2,129.0,130.25,8208.0
2022-08-23 09:15:00,NSE:AARON,130.25,133.60001,128.0,129.7,7171.0
2022-08-24 09:15:00,NSE:AARON,139.7,139.7,131.2,131.89999,6729.0
2022-08-25 09:15:00,NSE:AARON,135.05,139.8,131.95,136.2,10947.0
2022-08-26 09:15:00,NSE:AARON,139.7,141.95,136.3,137.14999,16294.0
2022-08-29 09:15:00,NSE:AARON,138.0,144.64999,130.0,140.25,5771.0
2022-08-30 09:15:00,NSE:AARON,140.25,168.3,139.35001,166.35001,167395.0
2022-09-01 09:15:00,NSE:AARON,185.0,198.64999,172.60001,198.5,487175.0
2022-09-02 09:15:00,NSE:AARON,202.55,207.8,178.64999,178.89999,207482.0
2022-09-05 09:15:00,NSE:AARON,182.39999,196.75,182.39999,196.60001,110863.0
2022-09-06 09:15:00,NSE:AARON,201.0,206.0,185.55,187.7,63189.0
2022-09-07 09:15:00,NSE:AARON,187.7,192.60001,179.14999,184.2,33696.0
2022-09-08 09:15:00,NSE:AARON,185.89999,195.7,185.0,187.75,32600.0
2022-09-09 09:15:00,NSE:AARON,187.05,191.0,177.64999,179.35001,43911.0
2022-09-12 09:15:00,NSE:AARON,189.95,189.95,183.0,185.85001,22560.0
2022-09-13 09:15:00,NSE:AARON,186.0,188.5,176.60001,177.0,17514.0
2022-09-14 09:15:00,NSE:AARON,183.8,183.8,170.0,181.75,13909.0
2022-09-15 09:15:00,NSE:AARON,181.89999,184.95,173.05,177.89999,5450.0
2022-09-16 09:15:00,NSE:AARON,176.8,177.89999,169.05,170.0,10374.0
2022-09-19 09:15:00,NSE:AARON,171.89999,176.89999,165.0,168.05,7192.0
2022-09-20 09:15:00,NSE:AARON,164.05,172.0,164.05,167.2,6930.0
2022-09-21 09:15:00,NSE:AARON,163.89999,172.0,158.85001,163.64999,8210.0
2022-09-22 09:15:00,NSE:AARON,163.8,163.8,155.60001,160.45,4640.0
2022-09-23 09:15:00,NSE:AARON,164.89999,164.89999,157.0,158.95,5232.0
2022-09-26 09:15:00,NSE:AARON,157.0,157.0,151.05,156.75,7762.0
2022-09-27 09:15:00,NSE:AARON,155.0,160.0,155.0,157.0,3799.0
2022-09-28 09:15:00,NSE:AARON,160.89999,162.0,150.05,152.85001,4041.0
2022-09-29 09:15:00,NSE:AARON,154.95,157.0,150.0,156.35001,2664.0
2022-09-30 09:15:00,NSE:AARON,150.10001,163.8,150.10001,155.7,1668.0
2022-10-03 09:15:00,NSE:AARON,159.95,160.0,156.0,159.10001,4383.0
2022-10-04 09:15:00,NSE:AARON,160.0,163.5,158.3,162.8,3304.0
2022-10-06 09:15:00,NSE:AARON,165.7,166.0,160.0,165.0,4551.0
2022-10-07 09:15:00,NSE:AARON,168.0,168.0,164.0,165.35001,3920.0
2022-10-10 09:15:00,NSE:AARON,165.35001,167.95,160.0,163.2,8852.0
2022-10-11 09:15:00,NSE:AARON,160.0,167.89999,160.0,162.0,4121.0
2022-10-12 09:15:00,NSE:AARON,161.8,164.89999,160.0,162.5,2748.0
2022-10-13 09:15:00,NSE:AARON,161.5,164.0,157.10001,160.5,2130.0
2022-10-14 09:15:00,NSE:AARON,160.5,165.0,153.60001,158.7,4928.0
2022-10-17 09:15:00,NSE:AARON,164.75,164.75,158.0,161.89999,4125.0
2022-10-18 09:15:00,NSE:AARON,164.8,164.8,158.0,161.35001,1778.0
2022-10-19 09:15:00,NSE:AARON,162.0,162.35001,157.0,158.85001,2868.0
2022-10-20 09:15:00,NSE:AARON,157.5,157.5,150.95,154.35001,9013.0
2022-10-21 09:15:00,NSE:AARON,151.3,155.75,149.0,153.75,4931.0
2022-10-24 18:15:00,NSE:AARON,155.0,160.0,150.0,157.94999695,1476.0
2022-10-25 09:15:00,NSE:AARON,157.95,158.0,153.0,156.3,1465.0
2022-10-27 09:15:00,NSE:AARON,158.95,158.95,152.0,155.89999,3735.0
2022-10-28 09:15:00,NSE:AARON,155.89999,158.10001,152.0,156.05,2720.0
2022-10-31 09:15:00,NSE:AARON,160.0,160.0,154.0,157.55,2675.0
2022-11-01 09:15:00,NSE:AARON,153.05,160.0,153.05,155.55,1813.0
2022-11-02 09:15:00,NSE:AARON,157.95,159.89999,154.0,154.64999,4019.0
2022-11-03 09:15:00,NSE:AARON,159.14999,159.14999,154.0,156.60001,1076.0
2022-11-04 09:15:00,NSE:AARON,158.0,158.0,154.5,155.89999,3282.0
2022-11-07 09:15:00,NSE:AARON,155.0,161.7,153.05,158.35001,5443.0
2022-11-09 09:15:00,NSE:AARON,158.5,163.0,158.0,158.85001,8080.0
2022-11-10 09:15:00,NSE:AARON,161.0,161.0,152.05,158.55,3626.0
2022-11-11 09:15:00,NSE:AARON,158.55,165.0,154.10001,162.45,5798.0
2022-11-14 09:15:00,NSE:AARON,166.0,168.14999,162.0,165.89999,11575.0
2022-11-15 09:15:00,NSE:AARON,168.0,168.0,157.64999,163.5,4783.0
2022-11-16 09:15:00,NSE:AARON,164.85001,164.85001,160.0,163.7,3767.0
2022-11-17 09:15:00,NSE:AARON,164.95,164.95,160.0,160.35001,3356.0
2022-11-18 09:15:00,NSE:AARON,155.10001,163.89999,155.10001,159.39999,3642.0
2022-11-21 09:15:00,NSE:AARON,160.0,160.0,157.0,158.3,2651.0
2022-11-22 09:15:00,NSE:AARON,158.3,160.0,153.55,158.35001,2555.0
2022-11-23 09:15:00,NSE:AARON,155.2,160.0,155.2,158.95,2958.0
2022-11-24 09:15:00,NSE:AARON,159.2,159.2,156.10001,157.89999,920.0
2022-11-25 09:15:00,NSE:AARON,156.0,159.5,156.0,157.95,3598.0
2022-11-28 09:15:00,NSE:AARON,159.0,161.5,156.55,159.60001,4288.0
2022-11-29 09:15:00,NSE:AARON,156.60001,160.89999,156.60001,157.85001,3549.0
2022-11-30 09:15:00,NSE:AARON,159.0,159.5,156.10001,157.85001,2693.0
2022-12-01 09:15:00,NSE:AARON,160.0,160.89999,156.0,158.55,2989.0
2022-12-02 09:15:00,NSE:AARON,156.2,158.55,156.2,157.8,2605.0
2022-12-05 09:15:00,NSE:AARON,158.0,165.64999,158.0,165.35001,8701.0
2022-12-06 09:15:00,NSE:AARON,171.5,173.60001,170.85001,173.60001,9217.0
2022-12-07 09:15:00,NSE:AARON,177.95,177.95,165.0,166.39999,8643.0
2022-12-08 09:15:00,NSE:AARON,166.39999,173.95,161.05,172.05,8513.0
2022-12-09 09:15:00,NSE:AARON,172.5,180.0,168.55,169.89999,5406.0
2022-12-12 09:15:00,NSE:AARON,176.95,178.0,168.05,173.89999,11110.0
2022-12-13 09:15:00,NSE:AARON,174.0,177.0,170.85001,175.75,5212.0
2022-12-14 09:15:00,NSE:AARON,179.0,179.0,167.05,169.0,8124.0
2022-12-15 09:15:00,NSE:AARON,169.0,169.0,163.95,166.5,8475.0
2022-12-16 09:15:00,NSE:AARON,165.5,167.0,163.10001,164.10001,3258.0
2022-12-19 09:15:00,NSE:AARON,170.0,172.3,166.25,171.10001,5293.0
2022-12-20 09:15:00,NSE:AARON,174.39999,174.45,166.55,168.64999,3257.0
2022-12-21 09:15:00,NSE:AARON,175.0,175.0,160.25,165.60001,14092.0
2022-12-22 09:15:00,NSE:AARON,162.14999,162.14999,157.35001,157.35001,10347.0
2022-12-23 09:15:00,NSE:AARON,152.14999,161.39999,152.14999,156.85001,9771.0
2022-12-26 09:15:00,NSE:AARON,160.0,164.64999,152.10001,163.95,8782.0
2022-12-27 09:15:00,NSE:AARON,171.0,171.0,165.14999,169.89999,5972.0
2022-12-28 09:15:00,NSE:AARON,171.5,172.0,165.05,169.85001,5630.0
2022-12-29 09:15:00,NSE:AARON,169.95,172.0,166.64999,170.89999,3777.0
2022-12-30 09:15:00,NSE:AARON,174.0,174.0,168.60001,172.5,5436.0
2023-01-02 09:15:00,NSE:AARON,175.5,175.5,169.60001,174.2,5872.0
2023-01-03 09:15:00,NSE:AARON,168.39999,176.14999,168.39999,175.14999,3204.0
2023-01-04 09:15:00,NSE:AARON,178.0,178.0,171.55,171.95,2891.0
2023-01-05 09:15:00,NSE:AARON,175.89999,175.89999,169.05,170.95,3034.0
2023-01-06 09:15:00,NSE:AARON,174.5,174.5,168.0,170.95,3878.0
2023-01-09 09:15:00,NSE:AARON,174.39999,174.39999,170.0,170.7,1761.0
2023-01-10 09:15:00,NSE:AARON,174.0,174.0,165.0,166.2,5369.0
2023-01-11 09:15:00,NSE:AARON,170.10001,170.10001,160.0,163.35001,11846.0
2023-01-12 09:15:00,NSE:AARON,165.85001,168.2,164.14999,167.25,19414.0
2023-01-13 09:15:00,NSE:AARON,169.89999,175.0,166.2,173.0,30775.0
2023-01-16 09:15:00,NSE:AARON,175.0,177.45,170.2,174.05,14692.0
2023-01-17 09:15:00,NSE:AARON,177.0,177.0,168.25,169.2,9156.0
2023-01-18 09:15:00,NSE:AARON,169.0,177.64999,168.05,176.2,14930.0
2023-01-19 09:15:00,NSE:AARON,182.45,185.0,173.95,185.0,23802.0
2023-01-20 09:15:00,NSE:AARON,190.2,194.25,178.05,182.60001,35084.0
2023-01-23 09:15:00,NSE:AARON,190.8,190.8,182.3,184.60001,19601.0
2023-01-24 09:15:00,NSE:AARON,189.85001,193.8,186.64999,190.7,20146.0
2023-01-25 09:15:00,NSE:AARON,186.8,193.0,181.25,183.45,10274.0
2023-01-27 09:15:00,NSE:AARON,181.64999,184.95,177.95,180.8,8535.0
2023-01-30 09:15:00,NSE:AARON,178.0,189.8,178.0,183.5,9585.0
2023-01-31 09:15:00,NSE:AARON,187.0,188.89999,178.0,180.89999,5826.0
2023-02-01 09:15:00,NSE:AARON,183.7,187.05,172.0,177.5,7978.0
2023-02-02 09:15:00,NSE:AARON,175.05,185.89999,175.05,182.2,9999.0
2023-02-03 09:15:00,NSE:AARON,189.45,189.45,175.0,177.14999,7162.0
2023-02-06 09:15:00,NSE:AARON,175.0,182.89999,174.95,179.14999,7565.0
2023-02-07 09:15:00,NSE:AARON,185.0,185.0,176.0,180.45,4546.0
2023-02-08 09:15:00,NSE:AARON,181.5,181.5,177.35001,180.25,3652.0
2023-02-09 09:15:00,NSE:AARON,180.0,180.95,175.5,178.8,6195.0
2023-02-10 09:15:00,NSE:AARON,181.0,181.0,175.5,179.14999,3642.0
2023-02-13 09:15:00,NSE:AARON,184.0,184.0,173.05,176.3,8030.0
2023-02-14 09:15:00,NSE:AARON,180.0,180.0,176.3,178.10001,2609.0
2023-02-15 09:15:00,NSE:AARON,181.0,181.05,176.05,176.8,5192.0
2023-02-16 09:15:00,NSE:AARON,181.0,181.0,177.10001,177.7,3738.0
2023-02-17 09:15:00,NSE:AARON,177.2,177.85001,173.60001,175.60001,2005.0
2023-02-20 09:15:00,NSE:AARON,172.25,175.95,171.35001,172.2,4643.0
2023-02-21 09:15:00,NSE:AARON,171.3,189.39999,171.3,189.39999,29545.0
2023-02-22 09:15:00,NSE:AARON,203.95,208.3,196.55,207.85001,155725.0
2023-02-23 09:15:00,NSE:AARON,208.0,228.60001,208.0,228.60001,201880.0
2023-02-24 09:15:00,NSE:AARON,232.0,236.0,217.2,217.2,59067.0
2023-02-27 09:15:00,NSE:AARON,206.35001,206.35001,206.35001,206.35001,3330.0
2023-02-28 09:15:00,NSE:AARON,196.05,196.05,196.05,196.05,5643.0
2023-03-01 09:15:00,NSE:AARON,186.25,195.89999,186.25,192.55,54429.0
2023-03-02 09:15:00,NSE:AARON,201.89999,202.14999,195.95,201.3,22126.0
2023-03-03 09:15:00,NSE:AARON,206.0,207.0,191.25,192.7,26115.0
2023-03-06 09:15:00,NSE:AARON,187.10001,194.60001,183.10001,185.95,30493.0
2023-03-08 09:15:00,NSE:AARON,181.89999,194.3,181.89999,192.45,15748.0
2023-03-09 09:15:00,NSE:AARON,198.8,198.8,190.05,191.2,9044.0
2023-03-10 09:15:00,NSE:AARON,191.2,193.89999,185.55,190.55,7289.0
2023-03-13 09:15:00,NSE:AARON,189.0,192.5,186.0,187.05,9889.0
2023-03-14 09:15:00,NSE:AARON,186.39999,189.85001,177.7,177.7,23732.0
2023-03-15 09:15:00,NSE:AARON,177.64999,183.5,175.0,179.5,12966.0
2023-03-16 09:15:00,NSE:AARON,179.5,184.89999,172.10001,177.3,18922.0
2023-03-17 09:15:00,NSE:AARON,182.14999,184.8,179.0,183.05,6476.0
2023-03-20 09:15:00,NSE:AARON,180.89999,183.5,178.2,179.60001,7853.0
2023-03-21 09:15:00,NSE:AARON,175.7,187.7,175.7,185.14999,7082.0
2023-03-22 09:15:00,NSE:AARON,192.0,192.0,180.3,183.10001,9937.0
2023-03-23 09:15:00,NSE:AARON,186.75,186.89999,181.10001,184.85001,7760.0
2023-03-24 09:15:00,NSE:AARON,184.89999,185.89999,179.14999,180.85001,8341.0
2023-03-27 09:15:00,NSE:AARON,187.0,187.0,180.35001,181.25,4131.0
2023-03-28 09:15:00,NSE:AARON,181.2,183.85001,177.2,179.14999,8139.0
2023-03-29 09:15:00,NSE:AARON,179.14999,184.0,177.0,180.85001,11729.0
2023-03-31 09:15:00,NSE:AARON,181.0,186.95,181.0,183.35001,6553.0
2023-04-03 09:15:00,NSE:AARON,186.89999,186.89999,180.05,183.39999,6180.0
2023-04-05 09:15:00,NSE:AARON,185.39999,187.0,183.45,185.0,8359.0
2023-04-06 09:15:00,NSE:AARON,187.0,194.25,185.0,193.25,7842.0
2023-04-10 09:15:00,NSE:AARON,199.2,201.89999,192.5,194.64999,15045.0
2023-04-11 09:15:00,NSE:AARON,196.64999,199.45,194.0,195.64999,8183.0
2023-04-12 09:15:00,NSE:AARON,202.95,202.95,196.10001,201.89999,14223.0
2023-04-13 09:15:00,NSE:AARON,202.60001,202.60001,194.89999,197.8,9696.0
2023-04-17 09:15:00,NSE:AARON,198.0,217.55,198.0,212.39999,34493.0
2023-04-18 09:15:00,NSE:AARON,222.0,222.05,213.0,217.05,16677.0
2023-04-19 09:15:00,NSE:AARON,222.5,228.45,218.5,223.0,19699.0
2023-04-20 09:15:00,NSE:AARON,228.35001,228.35001,217.05,219.55,13709.0
2023-04-21 09:15:00,NSE:AARON,216.05,220.5,215.05,215.64999,7522.0
2023-04-24 09:15:00,NSE:AARON,215.25,220.0,215.25,217.95,10655.0
2023-04-25 09:15:00,NSE:AARON,218.95,222.05,218.0,218.2,6235.0
2023-04-26 09:15:00,NSE:AARON,217.5,220.0,217.45,218.0,5588.0
2023-04-27 09:15:00,NSE:AARON,219.0,220.85001,217.05,217.2,8413.0
2023-04-28 09:15:00,NSE:AARON,220.0,221.95,217.8,221.39999,7873.0
2023-05-02 09:15:00,NSE:AARON,223.75,223.75,219.0,221.14999,6769.0
2023-05-03 09:15:00,NSE:AARON,222.0,222.45,218.75,220.8,5752.0
2023-05-04 09:15:00,NSE:AARON,222.35001,222.35001,216.10001,218.39999,7815.0
2023-05-05 09:15:00,NSE:AARON,210.60001,219.45,210.60001,217.8,4558.0
2023-05-08 09:15:00,NSE:AARON,218.5,224.45,218.10001,219.5,6073.0
2023-05-09 09:15:00,NSE:AARON,219.0,222.45,217.05,219.3,9792.0
2023-05-10 09:15:00,NSE:AARON,222.0,222.45,200.0,206.89999,36701.0
2023-05-11 09:15:00,NSE:AARON,207.89999,215.75,205.3,213.85001,10164.0
2023-05-12 09:15:00,NSE:AARON,209.0,217.0,208.5,215.25,8645.0
2023-05-15 09:15:00,NSE:AARON,219.8,236.75,217.0,236.75,50899.0
2023-05-16 09:15:00,NSE:AARON,256.95001,260.35001,243.05,258.75,78830.0
2023-05-17 09:15:00,NSE:AARON,259.95001,259.95001,232.89999,235.8,80832.0
2023-05-18 09:15:00,NSE:AARON,241.0,246.8,234.0,234.85001,19986.0
2023-05-19 09:15:00,NSE:AARON,244.0,244.0,216.25,222.39999,55409.0
2023-05-22 09:15:00,NSE:AARON,224.8,224.8,212.55,216.8,29427.0
2023-05-23 09:15:00,NSE:AARON,217.95,230.0,216.25,217.45,28662.0
2023-05-24 09:15:00,NSE:AARON,217.0,228.0,213.05,223.5,10895.0
2023-05-25 09:15:00,NSE:AARON,229.5,229.5,223.55,226.85001,13063.0
2023-05-26 09:15:00,NSE:AARON,229.0,230.05,222.60001,226.55,16275.0
2023-05-29 09:15:00,NSE:AARON,226.55,230.5,215.0,218.35001,30044.0
2023-05-30 09:15:00,NSE:AARON,224.0,224.0,211.5,213.7,28734.0
2023-05-31 09:15:00,NSE:AARON,222.0,222.0,210.05,211.64999,19820.0
2023-06-01 09:15:00,NSE:AARON,211.64999,222.0,211.64999,216.89999,17846.0
2023-06-02 09:15:00,NSE:AARON,220.7,224.0,216.10001,221.7,28129.0
2023-06-05 09:15:00,NSE:AARON,224.95,228.0,219.95,224.89999,21922.0
2023-06-06 09:15:00,NSE:AARON,229.0,229.0,224.0,227.60001,9572.0
2023-06-07 09:15:00,NSE:AARON,227.0,230.7,224.64999,225.85001,13504.0
2023-06-08 09:15:00,NSE:AARON,227.45,227.45,219.10001,220.95,20096.0
2023-06-09 09:15:00,NSE:AARON,220.95,224.95,217.05,217.89999,15429.0
2023-06-12 09:15:00,NSE:AARON,221.89999,222.5,219.10001,221.85001,7230.0
2023-06-13 09:15:00,NSE:AARON,223.89999,224.39999,221.05,222.85001,6452.0
2023-06-14 09:15:00,NSE:AARON,220.60001,224.0,219.14999,220.8,5532.0
2023-06-15 09:15:00,NSE:AARON,218.25,221.95,218.25,219.2,5359.0
2023-06-16 09:15:00,NSE:AARON,227.39999,227.39999,219.0,220.45,15612.0
2023-06-19 09:15:00,NSE:AARON,221.95,222.3,215.95,219.3,16845.0
2023-06-20 09:15:00,NSE:AARON,216.2,226.5,216.0,223.35001,15282.0
2023-06-21 09:15:00,NSE:AARON,221.60001,225.39999,211.0,213.64999,24892.0
2023-06-22 09:15:00,NSE:AARON,219.85001,221.8,216.64999,219.7,10305.0
2023-06-23 09:15:00,NSE:AARON,217.0,222.45,215.10001,217.0,8425.0
2023-06-26 09:15:00,NSE:AARON,226.0,226.0,219.05,220.89999,9239.0
2023-06-27 09:15:00,NSE:AARON,224.0,224.0,218.0,220.64999,8550.0
2023-06-28 09:15:00,NSE:AARON,221.64999,222.39999,219.05,221.10001,5370.0
2023-06-30 09:15:00,NSE:AARON,225.0,225.0,215.10001,218.95,13467.0
2023-07-03 09:15:00,NSE:AARON,222.0,222.0,218.25,221.0,6627.0
2023-07-04 09:15:00,NSE:AARON,217.60001,221.95,217.14999,219.7,9292.0
2023-07-05 09:15:00,NSE:AARON,218.0,239.8,218.0,233.2,50581.0
2023-07-06 09:15:00,NSE:AARON,235.5,256.5,235.25,245.25,84991.0
2023-07-07 09:15:00,NSE:AARON,250.0,250.0,231.14999,236.89999,33879.0
2023-07-10 09:15:00,NSE:AARON,242.0,242.0,232.05,233.95,11396.0
2023-07-11 09:15:00,NSE:AARON,222.5,239.55,222.5,235.8,10734.0
2023-07-12 09:15:00,NSE:AARON,238.89999,241.0,236.0,237.89999,5978.0
2023-07-13 09:15:00,NSE:AARON,241.89999,241.89999,234.0,234.85001,5472.0
2023-07-14 09:15:00,NSE:AARON,234.85001,239.75,225.0,232.64999,6550.0
2023-07-17 09:15:00,NSE:AARON,234.0,235.0,227.0,231.25,11473.0
2023-07-18 09:15:00,NSE:AARON,235.0,235.0,228.0,229.8,5804.0
2023-07-19 09:15:00,NSE:AARON,229.8,238.0,228.5,232.60001,7100.0
2023-07-20 09:15:00,NSE:AARON,232.60001,235.0,228.75,231.05,6224.0
2023-07-21 09:15:00,NSE:AARON,231.05,233.0,228.14999,228.8,10378.0
2023-07-24 09:15:00,NSE:AARON,228.0,235.5,228.0,233.14999,4778.0
2023-07-25 09:15:00,NSE:AARON,235.0,239.3,230.0,237.85001,6123.0
2023-07-26 09:15:00,NSE:AARON,238.0,239.95,232.0,237.14999,6627.0
2023-07-27 09:15:00,NSE:AARON,241.0,241.0,237.0,237.45,3759.0
2023-07-28 09:15:00,NSE:AARON,241.0,241.0,235.0,236.10001,3770.0
2023-07-31 09:15:00,NSE:AARON,240.7,240.7,233.95,235.5,6289.0
2023-08-01 09:15:00,NSE:AARON,239.0,241.0,235.5,237.45,4662.0
2023-08-02 09:15:00,NSE:AARON,239.89999,240.0,232.14999,234.89999,7593.0
2023-08-03 09:15:00,NSE:AARON,230.0,238.89999,230.0,237.14999,2837.0
2023-08-04 09:15:00,NSE:AARON,237.0,239.75,232.0,235.55,2561.0
2023-08-07 09:15:00,NSE:AARON,238.0,242.95,233.0,241.45,10120.0
2023-08-08 09:15:00,NSE:AARON,253.5,253.5,248.5,251.60001,15830.0
2023-08-09 09:15:00,NSE:AARON,251.60001,257.0,249.0,251.05,5453.0
2023-08-10 09:15:00,NSE:AARON,255.89999,255.89999,244.0,250.64999,10706.0
2023-08-11 09:15:00,NSE:AARON,250.64999,250.64999,244.85001,245.55,4473.0
2023-08-14 09:15:00,NSE:AARON,248.0,255.0,237.0,250.05,7720.0
2023-08-16 09:15:00,NSE:AARON,250.05,255.0,247.0,250.39999,6429.0
2023-08-17 09:15:00,NSE:AARON,247.39999,262.89999,247.39999,259.25,23310.0
2023-08-18 09:15:00,NSE:AARON,264.25,272.20001,260.0,272.20001,21211.0
2023-08-21 09:15:00,NSE:AARON,280.0,285.79999,277.64999,285.79999,20045.0
2023-08-22 09:15:00,NSE:AARON,286.5,293.0,275.0,281.89999,20015.0
2023-08-23 09:15:00,NSE:AARON,276.5,277.0,276.5,277.0,3156.0
2023-08-24 09:15:00,NSE:AARON,274.89999,274.89999,271.5,271.5,2631.0
2023-08-25 09:15:00,NSE:AARON,266.10001,266.10001,266.10001,266.10001,3559.0
2023-08-28 09:15:00,NSE:AARON,259.79999,259.79999,259.79999,259.79999,2014.0
2023-08-29 09:15:00,NSE:AARON,259.75,260.0,259.75,260.0,3056.0
2023-08-30 09:15:00,NSE:AARON,260.0,261.64999,260.0,261.64999,1725.0
2023-08-31 09:15:00,NSE:AARON,261.64999,266.85001,261.64999,266.85001,1311.0
2023-09-01 09:15:00,NSE:AARON,270.0,272.0,269.25,269.25,2622.0
2023-09-04 09:15:00,NSE:AARON,269.25,269.5,269.0,269.5,2618.0
2023-09-05 09:15:00,NSE:AARON,269.54999,269.54999,268.0,268.0,2102.0
2023-09-06 09:15:00,NSE:AARON,267.0,267.0,262.64999,262.64999,2099.0
2023-09-07 09:15:00,NSE:AARON,260.0,260.0,257.39999,257.39999,5260.0
2023-09-08 09:15:00,NSE:AARON,257.39999,257.39999,252.5,253.0,4367.0
2023-09-11 09:15:00,NSE:AARON,254.0,254.0,253.0,253.0,2999.0
2023-09-12 09:15:00,NSE:AARON,253.0,253.0,252.0,252.0,1665.0
2023-09-13 09:15:00,NSE:AARON,252.05,253.0,252.05,253.0,2361.0
2023-09-14 09:15:00,NSE:AARON,253.0,253.0,252.60001,252.60001,1468.0
2023-09-15 09:15:00,NSE:AARON,253.10001,257.64999,253.10001,255.0,2093.0
2023-09-18 09:15:00,NSE:AARON,255.0,255.0,252.0,252.0,3832.0
2023-09-20 09:15:00,NSE:AARON,252.0,252.0,251.5,251.5,1379.0
2023-09-21 09:15:00,NSE:AARON,251.5,252.0,251.5,252.0,860.0
2023-09-22 09:15:00,NSE:AARON,252.0,252.0,250.0,250.0,1584.0
2023-09-25 09:15:00,NSE:AARON,250.0,250.0,246.0,246.0,2267.0
2023-09-26 09:15:00,NSE:AARON,246.0,246.10001,245.0,245.0,1473.0
2023-09-27 09:15:00,NSE:AARON,244.0,244.0,242.0,244.0,2331.0
2023-09-28 09:15:00,NSE:AARON,242.0,242.5,242.0,242.5,1289.0
2023-09-29 09:15:00,NSE:AARON,247.35001,247.35001,247.35001,247.35001,2409.0
2023-10-03 09:15:00,NSE:AARON,247.0,259.70001,247.0,259.70001,6613.0
2023-10-04 09:15:00,NSE:AARON,272.0,272.64999,265.0,272.04999,12578.0
2023-10-05 09:15:00,NSE:AARON,282.89999,282.89999,270.0,271.75,4840.0
2023-10-06 09:15:00,NSE:AARON,284.64999,284.64999,259.0,264.14999,6596.0
2023-10-09 09:15:00,NSE:AARON,250.95,273.0,250.95,261.39999,4304.0
2023-10-10 09:15:00,NSE:AARON,248.5,274.45001,248.5,272.89999,7594.0
2023-10-11 09:15:00,NSE:AARON,273.5,285.95001,270.0,273.79999,9843.0
2023-10-12 09:15:00,NSE:AARON,286.10001,286.10001,275.0,277.35001,5629.0
2023-10-13 09:15:00,NSE:AARON,282.35001,283.0,275.0,277.20001,6268.0
2023-10-16 09:15:00,NSE:AARON,295.0,295.0,278.0,281.95001,6012.0
2023-10-17 09:15:00,NSE:AARON,280.0,290.0,280.0,289.14999,4421.0
2023-10-18 09:15:00,NSE:AARON,294.95001,296.0,283.54999,284.79999,11455.0
2023-10-19 09:15:00,NSE:AARON,290.0,294.0,280.0,290.04999,11063.0
2023-10-20 09:15:00,NSE:AARON,280.04999,289.45001,280.0,281.64999,7384.0
2023-10-23 09:15:00,NSE:AARON,281.64999,286.85001,275.0,277.10001,10724.0
2023-10-25 09:15:00,NSE:AARON,277.10001,287.60001,258.64999,265.45001,15819.0
2023-10-26 09:15:00,NSE:AARON,265.45001,291.95001,260.0,289.79999,22573.0
2023-10-27 09:15:00,NSE:AARON,290.0,304.85001,282.0,283.95001,22029.0
2023-10-30 09:15:00,NSE:AARON,296.0,296.0,283.95001,292.64999,7160.0
2023-10-31 09:15:00,NSE:AARON,298.0,298.0,287.04999,294.29999,5568.0
2023-11-01 09:15:00,NSE:AARON,303.0,303.0,265.25,278.70001,35949.0
2023-11-02 09:15:00,NSE:AARON,258.04999,267.0,251.25,257.45001,59145.0
2023-11-03 09:15:00,NSE:AARON,264.20001,277.95001,264.20001,269.04999,25687.0
2023-11-06 09:15:00,NSE:AARON,272.0,276.85001,261.25,264.79999,12963.0
2023-11-07 09:15:00,NSE:AARON,268.5,269.14999,260.04999,262.45001,8449.0
2023-11-08 09:15:00,NSE:AARON,263.45001,275.39999,263.45001,267.5,8840.0
2023-11-09 09:15:00,NSE:AARON,267.5,273.0,261.0,263.0,6867.0
2023-11-10 09:15:00,NSE:AARON,260.54999,270.0,260.29999,261.45001,7817.0
2023-11-12 18:15:00,NSE:AARON,273.0,273.0,266.0,271.3,4255.0
2023-11-13 09:15:00,NSE:AARON,268.64999,269.89999,265.10001,266.79999,4744.0
2023-11-15 09:15:00,NSE:AARON,269.5,270.0,264.0,266.79999,7289.0
2023-11-16 09:15:00,NSE:AARON,268.0,268.0,258.10001,263.5,12416.0
2023-11-17 09:15:00,NSE:AARON,268.0,270.25,256.10001,261.60001,15260.0
2023-11-20 09:15:00,NSE:AARON,266.5,266.5,261.60001,262.5,4409.0
2023-11-21 09:15:00,NSE:AARON,263.79999,265.0,258.04999,259.14999,8205.0
2023-11-22 09:15:00,NSE:AARON,260.60001,264.95001,256.35001,263.10001,5040.0
2023-11-23 09:15:00,NSE:AARON,264.0,264.0,257.29999,262.04999,8087.0
2023-11-24 09:15:00,NSE:AARON,264.0,264.0,257.0,258.20001,6199.0
2023-11-28 09:15:00,NSE:AARON,262.0,267.0,260.89999,265.79999,11057.0
2023-11-29 09:15:00,NSE:AARON,267.20001,285.0,266.10001,273.60001,12248.0
2023-11-30 09:15:00,NSE:AARON,279.10001,287.0,272.0,275.64999,12349.0
2023-12-01 09:15:00,NSE:AARON,276.0,284.25,271.0,273.89999,5603.0
2023-12-04 09:15:00,NSE:AARON,279.0,279.0,271.95001,274.10001,6119.0
2023-12-05 09:15:00,NSE:AARON,275.0,275.5,268.04999,271.5,8308.0
2023-12-06 09:15:00,NSE:AARON,271.5,281.0,270.04999,272.35001,10160.0
2023-12-07 09:15:00,NSE:AARON,273.79999,283.85001,271.60001,277.54999,10648.0
2023-12-08 09:15:00,NSE:AARON,279.0,288.0,274.0,282.29999,21648.0
2023-12-11 09:15:00,NSE:AARON,282.0,326.39999,273.0,303.79999,85647.0
2023-12-12 09:15:00,NSE:AARON,305.0,305.25,285.95001,291.25,32419.0
2023-12-13 09:15:00,NSE:AARON,294.54999,296.70001,286.04999,291.5,9986.0
2023-12-14 09:15:00,NSE:AARON,297.79999,299.0,290.04999,295.20001,13725.0
2023-12-15 09:15:00,NSE:AARON,297.0,298.45001,290.0,292.20001,5743.0
2023-12-18 09:15:00,NSE:AARON,292.20001,300.0,288.0,291.10001,6274.0
2023-12-19 09:15:00,NSE:AARON,289.04999,298.89999,289.0,290.85001,11678.0
2023-12-20 09:15:00,NSE:AARON,289.0,296.79999,275.29999,277.25,18989.0
2023-12-21 09:15:00,NSE:AARON,272.0,288.0,272.0,287.60001,6846.0
2023-12-22 09:15:00,NSE:AARON,294.5,294.5,282.54999,287.54999,7274.0
2023-12-26 09:15:00,NSE:AARON,287.54999,289.89999,281.54999,284.35001,5483.0
2023-12-27 09:15:00,NSE:AARON,285.0,298.95001,276.04999,282.20001,12589.0
2023-12-28 09:15:00,NSE:AARON,280.04999,294.0,278.04999,282.60001,7732.0
2023-12-29 09:15:00,NSE:AARON,278.20001,286.0,278.20001,282.10001,5904.0
2024-01-01 09:15:00,NSE:AARON,283.0,292.0,279.0,288.54999,9211.0
2024-01-02 09:15:00,NSE:AARON,294.0,294.0,283.20001,288.75,7101.0
2024-01-03 09:15:00,NSE:AARON,284.10001,290.95001,275.0,281.95001,24351.0
2024-01-04 09:15:00,NSE:AARON,287.0,288.0,271.95001,280.25,22713.0
2024-01-05 09:15:00,NSE:AARON,285.89999,287.0,273.25,280.04999,19516.0
2024-01-08 09:15:00,NSE:AARON,280.04999,288.39999,275.5,279.75,17049.0
2024-01-09 09:15:00,NSE:AARON,276.64999,288.0,276.64999,283.60001,8691.0
2024-01-10 09:15:00,NSE:AARON,283.0,284.04999,272.5,275.95001,13275.0
2024-01-11 09:15:00,NSE:AARON,280.64999,285.39999,275.0,280.70001,13098.0
2024-01-12 09:15:00,NSE:AARON,280.70001,286.5,280.70001,284.60001,10033.0
2024-01-15 09:15:00,NSE:AARON,288.0,288.0,279.0,279.5,12591.0
2024-01-16 09:15:00,NSE:AARON,284.0,287.0,275.39999,285.35001,16129.0
2024-01-17 09:15:00,NSE:AARON,281.04999,284.10001,275.60001,276.75,16950.0
2024-01-18 09:15:00,NSE:AARON,275.54999,279.39999,273.04999,276.75,10389.0
2024-01-19 09:15:00,NSE:AARON,280.10001,287.70001,280.10001,284.35001,17726.0
2024-01-20 09:15:00,NSE:AARON,285.25,289.85001,279.04999,284.10001,9000.0
2024-01-23 09:15:00,NSE:AARON,284.10001,288.0,272.0,275.70001,10815.0
2024-01-24 09:15:00,NSE:AARON,275.75,280.39999,275.70001,278.60001,7437.0
2024-01-25 09:15:00,NSE:AARON,275.04999,279.75,274.95001,275.60001,9394.0
2024-01-29 09:15:00,NSE:AARON,287.0,287.0,275.0,276.75,15992.0
2024-01-30 09:15:00,NSE:AARON,276.75,286.0,274.04999,276.29999,10513.0
2024-01-31 09:15:00,NSE:AARON,275.0,279.95001,275.0,278.25,7167.0
2024-02-01 09:15:00,NSE:AARON,276.10001,279.75,268.54999,271.29999,13240.0
2024-02-02 09:15:00,NSE:AARON,272.5,276.0,270.0,272.04999,5742.0
2024-02-05 09:15:00,NSE:AARON,275.0,275.0,269.0,269.70001,6212.0
2024-02-06 09:15:00,NSE:AARON,267.0,269.60001,259.70001,265.70001,13529.0
2024-02-07 09:15:00,NSE:AARON,262.0,272.0,262.0,268.79999,10106.0
2024-02-08 09:15:00,NSE:AARON,273.0,273.0,261.0,262.89999,17532.0
2024-02-09 09:15:00,NSE:AARON,263.10001,272.75,263.10001,267.54999,25777.0
2024-02-12 09:15:00,NSE:AARON,271.95001,271.95001,255.10001,258.5,17654.0
2024-02-13 09:15:00,NSE:AARON,250.2,257.89999,250.0,252.8,13540.0
2024-02-14 09:15:00,NSE:AARON,251.2,252.8,242.5,244.55,17348.0
2024-02-15 09:15:00,NSE:AARON,245.0,250.8,242.5,246.45,12055.0
2024-02-16 09:15:00,NSE:AARON,242.60001,250.89999,242.60001,249.5,9453.0
2024-02-19 09:15:00,NSE:AARON,254.5,257.95001,250.05,253.95,8925.0
2024-02-20 09:15:00,NSE:AARON,262.0,262.0,253.10001,254.10001,7174.0
2024-02-21 09:15:00,NSE:AARON,259.95001,264.45001,254.60001,257.85001,10348.0
2024-02-22 09:15:00,NSE:AARON,258.0,269.95001,254.35001,266.79999,11016.0
2024-02-23 09:15:00,NSE:AARON,269.95001,269.95001,263.0,266.35001,7357.0
2024-02-26 09:15:00,NSE:AARON,263.89999,266.10001,256.0,257.75,8329.0
2024-02-27 09:15:00,NSE:AARON,255.0,259.45001,249.75,250.55,10662.0
2024-02-28 09:15:00,NSE:AARON,250.60001,254.8,249.05,250.75,4125.0
2024-02-29 09:15:00,NSE:AARON,242.5,253.89999,242.5,251.60001,3665.0
2024-03-01 09:15:00,NSE:AARON,254.60001,301.89999,250.35001,280.45001,298594.0
2024-03-02 09:15:00,NSE:AARON,289.0,294.45001,283.0,291.25,39424.0
2024-03-04 09:15:00,NSE:AARON,293.0,300.5,281.20001,291.64999,60669.0
2024-03-05 09:15:00,NSE:AARON,287.29999,288.85001,266.89999,272.5,30904.0
2024-03-06 09:15:00,NSE:AARON,270.0,312.14999,249.55,272.5,124130.0
2024-03-07 09:15:00,NSE:AARON,268.0,285.10001,267.0,281.14999,22322.0
2024-03-11 09:15:00,NSE:AARON,284.95001,284.95001,255.0,259.64999,26346.0
2024-03-12 09:15:00,NSE:AARON,262.0,288.0,258.10001,260.64999,78651.0
2024-03-13 09:15:00,NSE:AARON,262.89999,273.29999,253.05,254.35001,18446.0
2024-03-14 09:15:00,NSE:AARON,250.55,271.0,250.55,269.25,10306.0
2024-03-15 09:15:00,NSE:AARON,273.29999,274.45001,261.54999,264.29999,11686.0
2024-03-18 09:15:00,NSE:AARON,264.29999,273.0,264.29999,267.29999,6464.0
2024-03-19 09:15:00,NSE:AARON,264.0,270.0,256.10001,257.54999,10140.0
2024-03-20 09:15:00,NSE:AARON,252.60001,265.70001,252.60001,256.64999,9213.0
2024-03-21 09:15:00,NSE:AARON,260.0,265.0,256.0,258.85001,3789.0
2024-03-22 09:15:00,NSE:AARON,258.85001,263.85001,255.2,261.89999,4459.0
2024-03-26 09:15:00,NSE:AARON,257.0,263.89999,249.05,254.14999,9876.0
2024-03-27 09:15:00,NSE:AARON,260.0,260.0,253.0,254.60001,5173.0
2024-03-28 09:15:00,NSE:AARON,261.0,267.35001,256.20001,260.75,15051.0
2024-04-01 09:15:00,NSE:AARON,264.95001,264.95001,262.04999,263.35001,6340.0
2024-04-02 09:15:00,NSE:AARON,261.0,264.95001,261.0,264.70001,5607.0
2024-04-03 09:15:00,NSE:AARON,262.29999,267.45001,262.29999,265.0,8734.0
2024-04-04 09:15:00,NSE:AARON,268.0,268.0,264.45001,266.79999,6714.0
2024-04-05 09:15:00,NSE:AARON,270.0,271.0,265.54999,268.60001,5712.0
2024-04-08 09:15:00,NSE:AARON,267.0,269.29999,262.04999,263.89999,5598.0
2024-04-09 09:15:00,NSE:AARON,265.29999,267.60001,255.0,257.95001,10552.0
2024-04-10 09:15:00,NSE:AARON,265.0,265.0,258.0,260.75,4254.0
2024-04-12 09:15:00,NSE:AARON,262.10001,264.5,258.29999,259.95001,4644.0
2024-04-15 09:15:00,NSE:AARON,250.5,257.95001,250.25,254.85001,9594.0
2024-04-16 09:15:00,NSE:AARON,252.0,261.70001,252.0,259.29999,4539.0
2024-04-18 09:15:00,NSE:AARON,266.89999,266.89999,256.0,258.0,3502.0
2024-04-19 09:15:00,NSE:AARON,259.39999,264.0,254.0,255.60001,7444.0
2024-04-22 09:15:00,NSE:AARON,256.89999,259.75,251.55,253.8,7023.0
2024-04-23 09:15:00,NSE:AARON,253.8,256.54999,253.0,255.10001,6448.0
2024-04-24 09:15:00,NSE:AARON,255.10001,262.0,255.10001,257.54999,4509.0
2024-04-25 09:15:00,NSE:AARON,257.54999,260.95001,255.0,256.39999,4090.0
2024-04-26 09:15:00,NSE:AARON,257.70001,262.0,253.55,257.04999,5561.0
2024-04-29 09:15:00,NSE:AARON,257.04999,263.89999,257.04999,262.29999,8956.0
2024-04-30 09:15:00,NSE:AARON,262.29999,267.14999,261.29999,264.10001,4530.0
2024-05-02 09:15:00,NSE:AARON,257.20001,265.89999,257.20001,264.35001,3876.0
2024-05-03 09:15:00,NSE:AARON,261.35001,265.85001,260.04999,262.64999,4698.0
2024-05-06 09:15:00,NSE:AARON,262.64999,264.64999,257.0,261.39999,7122.0
2024-05-07 09:15:00,NSE:AARON,264.0,265.39999,258.0,259.14999,5735.0
2024-05-08 09:15:00,NSE:AARON,259.14999,261.45001,256.0,257.5,3974.0
2024-05-09 09:15:00,NSE:AARON,257.5,261.39999,242.10001,252.7,13004.0
2024-05-10 09:15:00,NSE:AARON,252.7,261.25,252.0,259.89999,4381.0
2024-05-13 09:15:00,NSE:AARON,263.0,268.0,253.0,256.39999,5791.0
2024-05-14 09:15:00,NSE:AARON,259.95001,265.0,256.60001,264.04999,11447.0
2024-05-15 09:15:00,NSE:AARON,264.04999,265.0,261.35001,263.39999,4522.0
2024-05-16 09:15:00,NSE:AARON,262.45001,264.04999,260.0,261.64999,5258.0
2024-05-17 09:15:00,NSE:AARON,269.95001,282.5,264.60001,278.0,29140.0
2024-05-18 09:15:00,NSE:AARON,281.79999,285.0,278.0,279.54999,4499.0
2024-05-21 09:15:00,NSE:AARON,300.0,300.0,280.55,288.75,34412.0
